"Row.names","baseMean","log2FoldChange","lfcSE","stat","pvalue","padj","Gene_Function","group"
"pdam_00004156",8.41759080215332,-6.82684882849746,1.44358989839771,-4.72907772219438,2.25542037076807e-06,0.0239830125125623,"unknown function","Wounded_0 vs Control_0"
"pdam_00008890",42.6152709409012,-17.3981866917427,2.14484206725255,-8.1116399931623,4.99410789568689e-16,1.06209692617573e-11,"aceA: Isocitrate lyase (Bacillus halodurans (strain ATCC BAA-125 / DSM 18197 / FERM 7344 / JCM 9153 / C-125))","Wounded_0 vs Control_0"
"pdam_00000218",290.43577628704,-1.74019551539108,0.359742022047148,-4.83734289780305,1.31586313953719e-06,0.008072493120839,"Acidic skeletal organic matrix protein (Acropora millepora)","Wounded_1 vs Control_1"
"pdam_00003271",204.74979571384,-4.06040186409617,0.752782453651361,-5.39385827127245,6.89606195917054e-08,0.0014665854968568,"unknown function","Wounded_1 vs Control_1"
"pdam_00009111",39.1335803792326,-4.72694899107988,0.969164120875278,-4.87734625051002,1.07522597771468e-06,0.008072493120839,"unknown function","Wounded_1 vs Control_1"
"pdam_00018516",92.629452681764,-3.95916199822814,0.823314272396183,-4.80881011172727,1.51831346609094e-06,0.008072493120839,"unknown function","Wounded_1 vs Control_1"
"pdam_00000345",2955.20525268245,-7.68796372688157,1.39951145788472,-5.49331960347184,3.94448006607762e-08,0.000838872575652727,"PXDN: Peroxidasin homolog (Homo sapiens)","Wounded_2 vs Control_2"
"pdam_00001132",524.775347396271,0.611594977683013,0.126888701230176,4.81993252160081,1.43606786446041e-06,0.0101802850911599,"Mucin-like protein (Fragment) (Acropora millepora)","Wounded_2 vs Control_2"
"pdam_00009111",39.1335803792326,-4.06561185005151,0.794022394773188,-5.12027352983268,3.05092807200575e-07,0.00324420436536732,"unknown function","Wounded_2 vs Control_2"
"pdam_00000145",57.7721103220679,2.81119190746745,0.695939955514729,4.03941731638076,5.35841530830222e-05,0.0198021319142446,"unknown function","Wounded_4 vs Control_4"
"pdam_00000346",70.4228035386446,-1.74915759432344,0.447020692667673,-3.91292309956624,9.11855794970072e-05,0.0260616146677298,"PXDN: Peroxidasin homolog (Homo sapiens)","Wounded_4 vs Control_4"
"pdam_00000771",13587.3586998052,0.460063932854871,0.113276968642693,4.0614075250022,4.87777393995471e-05,0.0196989300812749,"Rpl17: 60S ribosomal protein L17 (Rattus norvegicus)","Wounded_4 vs Control_4"
"pdam_00001007",662.350060292653,0.60091295812235,0.164665316436191,3.64929889990045,0.000262956999491034,0.0436086589402846,"lgals3bpb: Galectin-3-binding protein B (Danio rerio)","Wounded_4 vs Control_4"
"pdam_00001099",1563.07524736458,0.591513493481544,0.159070767270906,3.71855560660096,0.000200365188782516,0.0386634839682365,"unknown function","Wounded_4 vs Control_4"
"pdam_00001465",530.234287232858,-0.958130434971117,0.268720655018464,-3.56552582422547,0.00036312740172801,0.0495992040428687,"Moxd1: DBH-like monooxygenase protein 1 (Mus musculus)","Wounded_4 vs Control_4"
"pdam_00001732",10216.73600705,0.500839642697489,0.138061383316052,3.62765916629242,0.00028600246460529,0.0448752368474544,"rpl31: 60S ribosomal protein L31 (Paralichthys olivaceus)","Wounded_4 vs Control_4"
"pdam_00001888",326.31679780569,-0.998794471372605,0.22409007884188,-4.45711151754006,8.30713937816169e-06,0.00743932021778973,"Trpc4: Short transient receptor potential channel 4 (Rattus norvegicus)","Wounded_4 vs Control_4"
"pdam_00002335",6746.1517263975,0.642552091495741,0.180037769565446,3.5689849582488,0.000358366997747509,0.0495992040428687,"rps28: 40S ribosomal protein S28 (Ictalurus punctatus)","Wounded_4 vs Control_4"
"pdam_00002413",72.6988947969658,-1.09258243665503,0.272622099866503,-4.00768109845111,6.13178396945067e-05,0.0205920635154077,"Lyrm4: LYR motif-containing protein 4 (Mus musculus)","Wounded_4 vs Control_4"
"pdam_00002441",3771.54701532934,1.18456795921398,0.321926749811484,3.67961954049375,0.000233582176874278,0.0426707126965572,"tf: Serotransferrin (Paralichthys olivaceus)","Wounded_4 vs Control_4"
"pdam_00002503",341.211647338943,0.635011163861637,0.164321859237121,3.86443512025565,0.000111346580271096,0.0290277531822731,"Histone H2A (Acropora formosa)","Wounded_4 vs Control_4"
"pdam_00002842",61.2222475699079,-1.05051982761411,0.292363838054702,-3.59319344897077,0.000326649892935483,0.0487543112422482,"Ccdc97: Coiled-coil domain-containing protein 97 (Mus musculus)","Wounded_4 vs Control_4"
"pdam_00002938",391.3997192949,0.911623076893513,0.249356223795755,3.65590665039992,0.000256274606602136,0.04343860947833,"unknown function","Wounded_4 vs Control_4"
"pdam_00003081",239.259818256878,0.832576390310318,0.213368180117606,3.90206444958855,9.53757533323949e-05,0.0262147598922019,"unknown function","Wounded_4 vs Control_4"
"pdam_00003271",204.74979571384,-5.07835742066645,0.740141869283354,-6.8613297415313,6.82224820640861e-12,9.16432601566869e-08,"unknown function","Wounded_4 vs Control_4"
"pdam_00003300",1160.10239174692,-0.750758139657704,0.210271418635834,-3.57042409533523,0.000356403723873144,0.0495992040428687,"aldh1l1: Cytosolic 10-formyltetrahydrofolate dehydrogenase (Xenopus laevis)","Wounded_4 vs Control_4"
"pdam_00003430",278.400161531089,-0.717095429484214,0.202318490382569,-3.54438898851134,0.000393524184022132,0.0495992040428687,"PAFAH1B2: Platelet-activating factor acetylhydrolase IB subunit beta (Pongo abelii)","Wounded_4 vs Control_4"
"pdam_00003431",567.910247857995,-0.759168948200797,0.206463096588171,-3.67702006191984,0.000235974488367809,0.0426707126965572,"Sdhd: Succinate dehydrogenase [ubiquinone] cytochrome b small subunit%2C mitochondrial (Mus musculus)","Wounded_4 vs Control_4"
"pdam_00003477",1674.27110518341,-0.587946948668061,0.16569544770637,-3.54835909378734,0.000387639343027475,0.0495992040428687,"GPC1: Glypican-1 (Gallus gallus)","Wounded_4 vs Control_4"
"pdam_00003702",123.850539439575,-0.937600726174771,0.257400715772166,-3.64257233458773,0.000269927092004151,0.0442186661816069,"Pigl: N-acetylglucosaminyl-phosphatidylinositol de-N-acetylase (Rattus norvegicus)","Wounded_4 vs Control_4"
"pdam_00003704",131.015747917158,-0.988550961201478,0.265871834448689,-3.71814849531292,0.000200688294513624,0.0386634839682365,"RPUSD4: RNA pseudouridylate synthase domain-containing protein 4 (Homo sapiens)","Wounded_4 vs Control_4"
"pdam_00003765",183.691756375739,-2.45374785164316,0.64823410752201,-3.78528038430907,0.000153535372422061,0.0343740109624258,"Spon2: Spondin-2 (Rattus norvegicus)","Wounded_4 vs Control_4"
"pdam_00003892",621.849418047739,0.932132849384261,0.23099730407083,4.035254234389,5.45432056001676e-05,0.0198021319142446,"selenbp1: Selenium-binding protein 1 (Xenopus tropicalis)","Wounded_4 vs Control_4"
"pdam_00003931",397.354946943843,-3.66737030195333,0.872479278641131,-4.20338957237492,2.62947460279162e-05,0.0153572749301304,"unknown function","Wounded_4 vs Control_4"
"pdam_00004042",523.904118521902,-0.561485983178155,0.150015743474565,-3.74284705173863,0.000181946984478534,0.0380280835565363,"micu1: Calcium uptake protein 1%2C mitochondrial (Xenopus tropicalis)","Wounded_4 vs Control_4"
"pdam_00004113",184.936372316011,2.414000942636,0.501706965672592,4.81157549686354,1.49745147767131e-06,0.00223502952217319,"unknown function","Wounded_4 vs Control_4"
"pdam_00004204",299.13190929576,0.895382194335611,0.238571140998775,3.75310354214304,0.00017465866922268,0.0374121591109547,"cdc14ab: Dual specificity protein phosphatase CDC14AB (Danio rerio)","Wounded_4 vs Control_4"
"pdam_00004318",615.873585636363,-0.606388845474899,0.158014782047808,-3.83754505506602,0.000124270439026505,0.0303513601353281,"COMMD5: COMM domain-containing protein 5 (Homo sapiens)","Wounded_4 vs Control_4"
"pdam_00004955",101.904472705466,1.37852609245544,0.339849478205525,4.05628426953702,4.98595714109541e-05,0.0196989300812749,"FOXI1: Forkhead box protein I1 (Homo sapiens)","Wounded_4 vs Control_4"
"pdam_00004981",69.7382038230193,-1.14604630100563,0.256803934243498,-4.46272875211861,8.09224648947869e-06,0.00743932021778973,"FBL4: F-box/LRR-repeat protein 4 (Arabidopsis thaliana)","Wounded_4 vs Control_4"
"pdam_00005279",811.640492381404,0.628470131663391,0.16750470410936,3.75195511675347,0.00017546088170849,0.0374121591109547,"Carbamoyl-phosphate synthase [ammonia]%2C mitochondrial (Lithobates catesbeiana)","Wounded_4 vs Control_4"
"pdam_00005375",292.866584576773,-0.518347239222334,0.1435657644715,-3.61052122092265,0.000305582297237133,0.0461223258290607,"alr2800: Uncharacterized WD repeat-containing protein alr2800 (Nostoc sp. (strain PCC 7120 / SAG 25.82 / UTEX 2576))","Wounded_4 vs Control_4"
"pdam_00005383",786.727158464319,0.690890928218028,0.150108711518301,4.60260381446148,4.17241467658711e-06,0.00467067052921622,"unknown function","Wounded_4 vs Control_4"
"pdam_00005899",172.18002343043,-1.70756424990315,0.364367828313137,-4.68637491352742,2.78086648394565e-06,0.00339594358898563,"UGT2B7: UDP-glucuronosyltransferase 2B7 (Homo sapiens)","Wounded_4 vs Control_4"
"pdam_00006106",56.7484719059652,-2.51262903474322,0.583412414199177,-4.30678020143296,1.65648060527587e-05,0.0119458519480386,"unknown function","Wounded_4 vs Control_4"
"pdam_00006136",151.40913641932,-0.612678463591708,0.166047019361795,-3.68978898836336,0.00022444013938063,0.0418736721152777,"tmem5: Transmembrane protein 5 (Danio rerio)","Wounded_4 vs Control_4"
"pdam_00006248",507.731156279759,0.965498546892654,0.254062325548727,3.80024289239798,0.000144554329904581,0.0334792812691076,"unknown function","Wounded_4 vs Control_4"
"pdam_00006250",456.260336075822,-0.770939086322688,0.190529062541792,-4.0463070359861,5.20319777680489e-05,0.0198021319142446,"ZDHHC16: Probable palmitoyltransferase ZDHHC16 (Macaca fascicularis)","Wounded_4 vs Control_4"
"pdam_00006592",114.315876764116,-1.28944488967852,0.274837060838891,-4.69167035094438,2.70983503736204e-06,0.00339594358898563,"TMEM167A: Protein kish-A (Taeniopygia guttata)","Wounded_4 vs Control_4"
"pdam_00007177",9248.24510793502,0.49162595684007,0.11604978805545,4.23633653346409,2.27196183714808e-05,0.013872392435641,"RPL26: 60S ribosomal protein L26 (Littorina littorea)","Wounded_4 vs Control_4"
"pdam_00007318",207.552688641588,-0.583260283459443,0.156769115391133,-3.72050503700446,0.000198824776216728,0.0386634839682365,"zgc:56409: Uncharacterized protein C7orf26 homolog (Danio rerio)","Wounded_4 vs Control_4"
"pdam_00007409",372.567906208868,0.76139233538552,0.194523205166209,3.91414656536711,9.07245185191092e-05,0.0260616146677298,"unknown function","Wounded_4 vs Control_4"
"pdam_00007444",567.356979319785,-0.406906836964401,0.109651280239745,-3.71091733789818,0.000206509535827267,0.0390710224615166,"Dennd5b: DENN domain-containing protein 5B (Mus musculus)","Wounded_4 vs Control_4"
"pdam_00007559",355.762054406567,-1.2325806321948,0.289692748433623,-4.25478593737467,2.0924910389377e-05,0.0133849676790715,"G-protein coupled receptor GRL101 (Lymnaea stagnalis)","Wounded_4 vs Control_4"
"pdam_00007782",131.955844089089,-0.672646880594682,0.180905568298065,-3.71822098635687,0.000200630725868259,0.0386634839682365,"unknown function","Wounded_4 vs Control_4"
"pdam_00007934",74.2433369765858,-1.98334477373351,0.559838886442863,-3.54270634241826,0.000396043450731182,0.0495992040428687,"NPR1: Atrial natriuretic peptide receptor 1 (Homo sapiens)","Wounded_4 vs Control_4"
"pdam_00007957",12859.9465746653,0.373216351381621,0.10510759185084,3.55080298967612,0.000384057786576474,0.0495992040428687,"Rpl12: 60S ribosomal protein L12 (Rattus norvegicus)","Wounded_4 vs Control_4"
"pdam_00008222",365.886946450742,-0.619864631881057,0.173336536066001,-3.57607603076269,0.0003487902494849,0.0495992040428687,"unknown function","Wounded_4 vs Control_4"
"pdam_00008229",66.1695317729988,1.2008828142253,0.331671903627937,3.62069503352454,0.000293812673485426,0.0449546563485481,"unknown function","Wounded_4 vs Control_4"
"pdam_00008674",578.801871661403,1.11929522943666,0.314542708993211,3.55848410226804,0.000373001363138225,0.0495992040428687,"unknown function","Wounded_4 vs Control_4"
"pdam_00008739",80.202342748222,-1.39384573571339,0.343559051388814,-4.05707761177843,4.96905730677849e-05,0.0196989300812749,"asic1a: Acid-sensing ion channel 1A (Danio rerio)","Wounded_4 vs Control_4"
"pdam_00008903",328.324393650733,-0.695140606263677,0.195202913368485,-3.56111798880511,0.000369279084252297,0.0495992040428687,"VKORC1L1: Vitamin K epoxide reductase complex subunit 1-like protein 1 (Homo sapiens)","Wounded_4 vs Control_4"
"pdam_00009107",564.108764902273,-0.517341159875367,0.140789232318905,-3.67457902393788,0.000238241900710325,0.0426707126965572,"slc38a7: Putative sodium-coupled neutral amino acid transporter 7 (Danio rerio)","Wounded_4 vs Control_4"
"pdam_00009262",335.521132421096,1.15695848263458,0.318738326289136,3.6298066068938,0.000283633644943104,0.0448752368474544,"Adam26a: Disintegrin and metalloproteinase domain-containing protein 26A (Mus musculus)","Wounded_4 vs Control_4"
"pdam_00009428",839.783856962846,0.816842571407378,0.166224832293396,4.91408269232366,8.91990982966457e-07,0.00199701914569807,"AIF1: Allograft inflammatory factor 1 (Homo sapiens)","Wounded_4 vs Control_4"
"pdam_00010782",1115.89473269838,0.728868627299086,0.188997688265702,3.85649493381319,0.000115024480843373,0.0291045111315615,"Rhamnose-binding lectin (Silurus asotus)","Wounded_4 vs Control_4"
"pdam_00010825",412.66566818176,-0.677863835486895,0.154347591709157,-4.39180053268481,1.12415810218033e-05,0.00943800986661772,"Dctn5: Dynactin subunit 5 (Mus musculus)","Wounded_4 vs Control_4"
"pdam_00011277",4535.98765632571,0.69334188227011,0.14347151231703,4.83261011940844,1.34754529485831e-06,0.00223502952217319,"RPL7: 60S ribosomal protein L7 (Pongo abelii)","Wounded_4 vs Control_4"
"pdam_00011819",243.849828428329,-0.743574784949009,0.197930000622778,-3.75675634117811,0.000172129943501581,0.0374121591109547,"RINT1: RAD50-interacting protein 1 (Homo sapiens)","Wounded_4 vs Control_4"
"pdam_00012303",75.6529353555029,-1.2426693886543,0.277445174035637,-4.47897280236955,7.50030882611188e-06,0.00743932021778973,"unknown function","Wounded_4 vs Control_4"
"pdam_00012400",950.7233968271,0.591136592893069,0.143303833583748,4.12505777486828,3.70641703736688e-05,0.0177815357367676,"PAP9: Probable inactive purple acid phosphatase 9 (Arabidopsis thaliana)","Wounded_4 vs Control_4"
"pdam_00012672",631.212700941524,-0.666379811017191,0.170803805574589,-3.90143421439276,9.56244498412784e-05,0.0262147598922019,"Arl5b: ADP-ribosylation factor-like protein 5B (Mus musculus)","Wounded_4 vs Control_4"
"pdam_00012802",210.235384062688,1.22397933681649,0.317724340092075,3.85233103784805,0.000116998704764708,0.0291045111315615,"Hephaestin-like protein (Acropora millepora)","Wounded_4 vs Control_4"
"pdam_00013327",850.524499701886,-0.535435596348891,0.137558155922785,-3.89243075233901,9.92448321362261e-05,0.0266631166017185,"chmp1b: Charged multivesicular body protein 1b (Danio rerio)","Wounded_4 vs Control_4"
"pdam_00013382",9917.29646127002,0.40042248767321,0.110415930541056,3.62649198997892,0.000287297727155593,0.0448752368474544,"RpL36: 60S ribosomal protein L36 (Ixodes scapularis)","Wounded_4 vs Control_4"
"pdam_00013889",45.793399723949,-1.77953713972211,0.465438451341247,-3.82335652457172,0.000131647209278023,0.0315788743255657,"unknown function","Wounded_4 vs Control_4"
"pdam_00014319",217.440802801674,-0.937603576498462,0.256449345206068,-3.65609658993302,0.000256084896752782,0.04343860947833,"ABCB4: Phosphatidylcholine translocator ABCB4 (Homo sapiens)","Wounded_4 vs Control_4"
"pdam_00014651",119.340569609282,1.22515237078095,0.321760729363277,3.80765040284863,0.000140293414227511,0.0330624812862834,"unknown function","Wounded_4 vs Control_4"
"pdam_00014761",909.925519776855,1.45342333356776,0.364092440815506,3.99190746809336,6.55439492114271e-05,0.0209631397561214,"unknown function","Wounded_4 vs Control_4"
"pdam_00014764",1731.87105027609,0.892346192197337,0.217317118805465,4.10619373707109,4.02232157870496e-05,0.0186316709540496,"PF11_0240: Dynein heavy chain-like protein PF11_0240 (Plasmodium falciparum (isolate 3D7))","Wounded_4 vs Control_4"
"pdam_00015121",150.461388464521,-1.3014873354149,0.245468610708855,-5.30205198805873,1.14508219306134e-07,0.000384547227484825,"unknown function","Wounded_4 vs Control_4"
"pdam_00015181",2270.97484344105,-0.469204399546649,0.112318057052782,-4.17746186017227,2.94780073109834e-05,0.0158391228883376,"H-RAS: GTPase HRas (Murine sarcoma virus NS.C58)","Wounded_4 vs Control_4"
"pdam_00015293",708.92235402519,-0.414944279818613,0.11407488075689,-3.63747283420722,0.000275326220561232,0.0445597243469763,"DYNLRB2: Dynein light chain roadblock-type 2 (Bos taurus)","Wounded_4 vs Control_4"
"pdam_00015392",317.332317002578,-0.476794507978259,0.133590225059765,-3.56908230197945,0.000358233882971422,0.0495992040428687,"abcB1: ABC transporter B family member 1 (Dictyostelium discoideum)","Wounded_4 vs Control_4"
"pdam_00015396",16477.4789645024,0.460776270363986,0.116964484497899,3.93945454760897,8.16670718824477e-05,0.0243785283688204,"RPS27A: Ubiquitin-40S ribosomal protein S27a (Gallus gallus)","Wounded_4 vs Control_4"
"pdam_00015412",114.137579856995,-1.04676657260696,0.256338477087705,-4.08353277471026,4.43561699988978e-05,0.0196989300812749,"mgm101: Mitochondrial genome maintenance protein mgm101 homolog (Dictyostelium discoideum)","Wounded_4 vs Control_4"
"pdam_00016152",67.8095696408118,-0.927740330136711,0.262007321489838,-3.54089467752792,0.000398772726615784,0.0495992040428687,"unknown function","Wounded_4 vs Control_4"
"pdam_00016757",225.105168917817,-0.619957286298137,0.166782647686852,-3.71715699982265,0.000201477248401441,0.0386634839682365,"fam214a: Protein FAM214A (Xenopus tropicalis)","Wounded_4 vs Control_4"
"pdam_00017000",586.528549889293,1.02915437910947,0.286803947892928,3.58835499535621,0.0003327709875503,0.0491221173160789,"ZP domain-containing protein (Acropora millepora)","Wounded_4 vs Control_4"
"pdam_00017495",310.931256795205,-0.607271919354003,0.153353042766826,-3.95996002686013,7.49623099957805e-05,0.0228856525039391,"RABGGTA: Geranylgeranyl transferase type-2 subunit alpha (Sus scrofa)","Wounded_4 vs Control_4"
"pdam_00018128",49.5311239870489,-2.16907460908113,0.611596205274702,-3.54657957386586,0.000390266861196079,0.0495992040428687,"NAD-specific glutamate dehydrogenase (Achlya klebsiana)","Wounded_4 vs Control_4"
"pdam_00018516",92.629452681764,-3.0263997399444,0.797804857213286,-3.79340851660837,0.000148593391801614,0.0338314412215437,"unknown function","Wounded_4 vs Control_4"
"pdam_00018517",240.689321054212,-1.81390545501726,0.46965542447943,-3.86220484310983,0.000112368284484345,0.0290277531822731,"unknown function","Wounded_4 vs Control_4"
"pdam_00018518",146.557093439056,-1.55027551525715,0.423351646894932,-3.66190973066393,0.00025034207718362,0.04343860947833,"unknown function","Wounded_4 vs Control_4"
"pdam_00018595",459.91287707469,0.749452408481541,0.186773171279842,4.012634166599,6.00449311989239e-05,0.0205920635154077,"FCER2: Low affinity immunoglobulin epsilon Fc receptor (Homo sapiens)","Wounded_4 vs Control_4"
"pdam_00019317",397.728365225248,0.903616741727049,0.247329609862871,3.65349196251936,0.000258697890141175,0.04343860947833,"unknown function","Wounded_4 vs Control_4"
"pdam_00019696",58.8217150968235,-1.69634655677732,0.292501821363666,-5.79943929534804,6.65370189666143e-09,4.46895887889265e-05,"v1g228490: NAD(P)H-hydrate epimerase (Nematostella vectensis)","Wounded_4 vs Control_4"
"pdam_00020091",87.3371045116994,-2.20889359195864,0.403403912134815,-5.47563750750252,4.35939282277484e-08,0.000195199079294448,"unknown function","Wounded_4 vs Control_4"
"pdam_00020173",183.882688766496,-0.862029083831077,0.17826985803645,-4.83552908677822,1.32791954257499e-06,0.00223502952217319,"unknown function","Wounded_4 vs Control_4"
"pdam_00020605",313.720179264635,0.770469744818257,0.180962503994216,4.25762093147696,2.06613899440964e-05,0.0133849676790715,"WBSCR27: Williams-Beuren syndrome chromosomal region 27 protein (Homo sapiens)","Wounded_4 vs Control_4"
"pdam_00021061",81.0648717630473,-1.04401259971074,0.291650443635656,-3.57967087824825,0.000344027226160826,0.0495992040428687,"tmem107: Transmembrane protein 107 (Xenopus laevis)","Wounded_4 vs Control_4"
"pdam_00021365",10277.1451934332,0.430665322481234,0.115150784258473,3.74001206552395,0.000184011421958971,0.0380280835565363,"rpl24: 60S ribosomal protein L24 (Gillichthys mirabilis)","Wounded_4 vs Control_4"
"pdam_00021632",473.296991191709,0.989542972580309,0.278976298367149,3.54705033500019,0.00038957015298173,0.0495992040428687,"unknown function","Wounded_4 vs Control_4"
"pdam_00021716",401.519287705756,-0.799960309957622,0.18593392609485,-4.30239024560553,1.68965374088241e-05,0.0119458519480386,"DPH7: Diphthine methyltransferase (Homo sapiens)","Wounded_4 vs Control_4"
"pdam_00022296",396.787832693727,-0.902300390470122,0.226393330033684,-3.98554317097538,6.73259344558382e-05,0.0210323087801227,"Tor1b: Torsin-1B (Mus musculus)","Wounded_4 vs Control_4"
"pdam_00022473",120.101073156073,1.71086858668296,0.409541627197413,4.17752060612451,2.94703972614579e-05,0.0158391228883376,"unknown function","Wounded_4 vs Control_4"
"pdam_00022757",437.736159942061,-0.908835451832817,0.210351702191557,-4.32055192500979,1.55639425924525e-05,0.0119458519480386,"unknown function","Wounded_4 vs Control_4"
"pdam_00022994",338.520168041154,-0.844721182312679,0.204646739286655,-4.12770408782058,3.66403196107621e-05,0.0177815357367676,"unknown function","Wounded_4 vs Control_4"
"pdam_00023043",60.2048753419801,1.32916799176231,0.362714843026613,3.66449848225478,0.000247823709417948,0.04343860947833,"GGT1: Gamma-glutamyltranspeptidase 1 (Sus scrofa)","Wounded_4 vs Control_4"
"pdam_00023245",306.304643940677,-1.36589497055534,0.341727905961901,-3.99702496262516,6.41435392222576e-05,0.0209631397561214,"unknown function","Wounded_4 vs Control_4"
"pdam_00023272",89.049863122542,-2.36086528166798,0.581969389615414,-4.05668291802792,4.97745830337151e-05,0.0196989300812749,"unknown function","Wounded_4 vs Control_4"
"pdam_00023274",52.1064920267687,-2.25256867202625,0.544837657570544,-4.13438506080977,3.55906317952389e-05,0.0177815357367676,"Nrg2: Pro-neuregulin-2%2C membrane-bound isoform (Rattus norvegicus)","Wounded_4 vs Control_4"
"pdam_00023828",181.532807104073,-1.10075732838332,0.218633999324445,-5.03470334799043,4.78589398294067e-07,0.00128577827745684,"SENP8: Sentrin-specific protease 8 (Homo sapiens)","Wounded_4 vs Control_4"
"pdam_00024190",88.1486536305644,1.28726818994466,0.320866563774787,4.01184895927073,6.02450419422409e-05,0.0205920635154077,"DMBT1: Deleted in malignant brain tumors 1 protein (Homo sapiens)","Wounded_4 vs Control_4"
"pdam_00025016",291.086844036407,0.859245955369806,0.237354790195441,3.62009106562497,0.000294499349264664,0.0449546563485481,"unknown function","Wounded_4 vs Control_4"
"pdam_00025949",281.441032724306,-0.695474050772376,0.194258018586193,-3.5801562058237,0.000343388869195077,0.0495992040428687,"unknown function","Wounded_4 vs Control_4"
"pdam_00025975",439.694066085594,-0.76140753284918,0.214697544766578,-3.54641937650938,0.000390504212469024,0.0495992040428687,"unknown function","Wounded_4 vs Control_4"
