"genes","cluster","intersection_group"
"pdam_00025545",15,"1h_2h"
"pdam_00005768",15,"1h_2h"
"pdam_00014917",15,"1h_2h"
"pdam_00000529",21,"1h_only"
"pdam_00019365",22,"1h_only"
"pdam_00018734",24,"1h_2h"
"pdam_00019602",21,"1h_only"
"pdam_00008722",15,"1h_2h"
"pdam_00022471",24,"1h_2h"
"pdam_00016495",15,"1h_only"
"pdam_00006425",24,"1h_2h"
"pdam_00019569",15,"All_times"
"pdam_00012973",15,"1h_2h"
"pdam_00025487",15,"1h_2h"
"pdam_00009441",15,"1h_2h"
"pdam_00015455",15,"1h_2h"
"pdam_00018127",15,"1h_2h"
"pdam_00015787",24,"1h_2h"
"pdam_00007061",15,"All_times"
"pdam_00016714",15,"1h_only"
"pdam_00024567",15,"1h_2h"
"pdam_00009027",15,"1h_2h"
"pdam_00012255",15,"2h_only"
"pdam_00018352",21,"2h_4h"
"pdam_00008152",15,"2h_only"
"pdam_00018214",24,"2h_only"
"pdam_00015192",24,"2h_only"
"pdam_00021257",24,"2h_only"
"pdam_00020375",24,"2h_only"
"pdam_00013566",24,"2h_only"
"pdam_00022671",15,"2h_only"
"pdam_00025999",15,"2h_only"
"pdam_00006682",24,"2h_only"
"pdam_00025760",24,"2h_only"
"pdam_00013177",15,"2h_only"
"pdam_00004803",15,"2h_only"
"pdam_00004842",24,"2h_only"
"pdam_00023084",24,"2h_only"
"pdam_00025728",22,"2h_4h"
"pdam_00015861",15,"2h_only"
"pdam_00003718",24,"2h_only"
"pdam_00003711",15,"2h_only"
"pdam_00003714",24,"2h_only"
"pdam_00017267",15,"2h_only"
"pdam_00008960",15,"2h_only"
"pdam_00008986",24,"2h_only"
"pdam_00019292",24,"2h_only"
"pdam_00000410",15,"2h_only"
"pdam_00008076",15,"2h_only"
"pdam_00012668",24,"2h_only"
"pdam_00023102",15,"2h_only"
"pdam_00008452",15,"2h_only"
"pdam_00017479",24,"2h_only"
"pdam_00023812",15,"2h_only"
"pdam_00012101",15,"2h_only"
"pdam_00005815",15,"2h_only"
"pdam_00003402",24,"2h_only"
"pdam_00003408",24,"2h_only"
"pdam_00003377",15,"2h_only"
"pdam_00018541",24,"2h_only"
"pdam_00012041",15,"2h_only"
"pdam_00017339",24,"2h_only"
"pdam_00008395",24,"2h_only"
"pdam_00001610",24,"2h_only"
"pdam_00013395",15,"2h_only"
"pdam_00016428",24,"2h_only"
"pdam_00003491",24,"2h_only"
"pdam_00026034",15,"2h_only"
"pdam_00017834",15,"2h_only"
"pdam_00010658",24,"2h_only"
"pdam_00023723",15,"2h_only"
"pdam_00000728",24,"2h_only"
"pdam_00012368",15,"2h_only"
"pdam_00003219",24,"2h_only"
"pdam_00003200",15,"2h_only"
"pdam_00004277",15,"2h_only"
"pdam_00006314",24,"2h_only"
"pdam_00020188",15,"2h_only"
"pdam_00020184",15,"2h_only"
"pdam_00018162",15,"2h_only"
"pdam_00002117",15,"2h_only"
"pdam_00002138",15,"2h_only"
"pdam_00015009",24,"2h_only"
"pdam_00010155",15,"2h_only"
"pdam_00000646",24,"2h_only"
"pdam_00003809",15,"2h_only"
"pdam_00021366",15,"2h_only"
"pdam_00022072",15,"2h_only"
"pdam_00000064",15,"2h_only"
"pdam_00000163",15,"2h_only"
"pdam_00005368",15,"2h_only"
"pdam_00014060",15,"2h_only"
"pdam_00007394",15,"2h_only"
"pdam_00019032",15,"2h_only"
"pdam_00025854",24,"2h_only"
"pdam_00011129",15,"2h_only"
"pdam_00024838",24,"2h_4h"
"pdam_00010218",15,"2h_only"
"pdam_00020086",24,"2h_only"
"pdam_00011811",24,"2h_only"
"pdam_00013980",24,"2h_only"
"pdam_00009119",24,"2h_only"
"pdam_00013314",15,"2h_only"
"pdam_00013305",21,"2h_only"
"pdam_00005626",24,"2h_only"
"pdam_00011467",15,"2h_only"
"pdam_00011461",15,"2h_only"
"pdam_00010183",21,"2h_4h"
"pdam_00006393",15,"2h_only"
"pdam_00013154",15,"2h_only"
"pdam_00013147",15,"2h_only"
"pdam_00020749",24,"2h_only"
"pdam_00003993",24,"2h_only"
"pdam_00009553",22,"2h_4h"
"pdam_00020798",22,"2h_4h"
"pdam_00001876",24,"2h_only"
"pdam_00001911",24,"2h_only"
"pdam_00020096",24,"2h_only"
"pdam_00019589",21,"2h_4h"
"pdam_00008677",15,"2h_only"
"pdam_00007213",15,"2h_only"
"pdam_00023838",24,"2h_only"
"pdam_00025551",24,"2h_only"
"pdam_00022293",24,"2h_only"
"pdam_00017986",15,"2h_only"
"pdam_00017988",24,"2h_only"
"pdam_00002322",24,"2h_only"
"pdam_00002335",24,"2h_only"
"pdam_00006188",24,"2h_only"
"pdam_00010551",24,"2h_only"
"pdam_00010556",15,"2h_only"
"pdam_00020480",24,"2h_only"
"pdam_00019979",15,"2h_only"
"pdam_00004870",15,"2h_only"
"pdam_00004932",15,"2h_only"
"pdam_00004897",15,"2h_only"
"pdam_00011277",24,"2h_only"
"pdam_00001405",15,"2h_only"
"pdam_00001428",24,"2h_only"
"pdam_00008551",15,"2h_only"
"pdam_00013243",15,"2h_only"
"pdam_00013235",24,"2h_only"
"pdam_00005301",24,"2h_only"
"pdam_00014045",15,"2h_only"
"pdam_00010392",24,"2h_only"
"pdam_00012206",24,"2h_only"
"pdam_00012232",24,"2h_only"
"pdam_00020171",24,"2h_only"
"pdam_00019345",15,"2h_only"
"pdam_00020550",15,"2h_only"
"pdam_00008609",15,"2h_only"
"pdam_00004195",24,"2h_only"
"pdam_00005595",24,"2h_only"
"pdam_00005102",15,"2h_only"
"pdam_00005161",22,"2h_4h"
"pdam_00011981",24,"2h_only"
"pdam_00010610",24,"2h_only"
"pdam_00015836",15,"2h_only"
"pdam_00005930",24,"2h_only"
"pdam_00005904",24,"2h_only"
"pdam_00012803",15,"2h_only"
"pdam_00018886",24,"2h_only"
"pdam_00004953",22,"2h_4h"
"pdam_00025879",24,"2h_only"
"pdam_00016409",15,"2h_only"
"pdam_00015395",24,"2h_only"
"pdam_00015372",24,"2h_only"
"pdam_00006732",22,"2h_4h"
"pdam_00007836",15,"2h_only"
"pdam_00007846",22,"2h_4h"
"pdam_00015431",24,"2h_only"
"pdam_00015423",15,"2h_only"
"pdam_00019828",24,"2h_only"
"pdam_00024855",24,"2h_only"
"pdam_00006984",24,"2h_only"
"pdam_00011365",24,"2h_only"
"pdam_00009468",24,"2h_only"
"pdam_00002402",24,"2h_only"
"pdam_00015319",15,"2h_only"
"pdam_00020205",15,"2h_only"
"pdam_00011701",15,"2h_only"
"pdam_00009245",22,"2h_4h"
"pdam_00004503",24,"2h_only"
"pdam_00023715",24,"2h_only"
"pdam_00019706",24,"2h_only"
"pdam_00024053",24,"2h_only"
"pdam_00001052",22,"2h_4h"
"pdam_00013810",15,"2h_only"
"pdam_00003563",21,"2h_4h"
"pdam_00011338",24,"2h_only"
"pdam_00023261",24,"2h_only"
"pdam_00010473",15,"2h_only"
"pdam_00010489",24,"2h_only"
"pdam_00013680",15,"2h_only"
"pdam_00020364",24,"2h_only"
"pdam_00020574",24,"2h_only"
"pdam_00010350",15,"2h_only"
"pdam_00001252",15,"2h_only"
"pdam_00001304",15,"2h_only"
"pdam_00014962",15,"2h_only"
"pdam_00017664",15,"2h_only"
"pdam_00011951",15,"2h_only"
"pdam_00011940",24,"2h_only"
"pdam_00020599",24,"2h_only"
"pdam_00010937",24,"2h_4h"
"pdam_00010948",15,"2h_only"
"pdam_00009070",15,"2h_only"
"pdam_00004033",24,"2h_only"
"pdam_00004048",15,"2h_only"
"pdam_00022146",15,"2h_only"
"pdam_00022947",24,"2h_only"
"pdam_00012697",15,"2h_only"
"pdam_00005848",24,"2h_only"
"pdam_00009659",24,"2h_only"
"pdam_00020539",24,"2h_only"
"pdam_00003959",15,"2h_only"
"pdam_00019733",24,"2h_only"
"pdam_00016580",24,"2h_only"
"pdam_00012554",24,"2h_only"
"pdam_00020772",15,"2h_only"
"pdam_00020344",15,"2h_only"
"pdam_00014339",24,"2h_only"
"pdam_00020004",24,"2h_only"
"pdam_00025024",24,"2h_only"
"pdam_00014530",24,"2h_only"
"pdam_00002081",24,"2h_only"
"pdam_00006084",15,"2h_only"
"pdam_00020058",24,"2h_only"
"pdam_00008920",24,"2h_only"
"pdam_00016713",22,"2h_4h"
"pdam_00013035",24,"2h_only"
"pdam_00018835",15,"2h_only"
"pdam_00008670",15,"2h_only"
"pdam_00004236",24,"2h_only"
"pdam_00016544",15,"2h_only"
"pdam_00010000",15,"2h_only"
"pdam_00016206",24,"2h_only"
"pdam_00016216",24,"2h_only"
"pdam_00018282",15,"2h_only"
"pdam_00007157",15,"2h_only"
"pdam_00007144",15,"2h_only"
"pdam_00021773",21,"4h_only"
"pdam_00020559",22,"4h_only"
"pdam_00018347",21,"4h_only"
"pdam_00014852",22,"4h_only"
"pdam_00015998",22,"4h_only"
"pdam_00015207",22,"4h_only"
"pdam_00014865",22,"4h_only"
"pdam_00013207",22,"4h_only"
"pdam_00013211",22,"4h_only"
"pdam_00014819",21,"4h_only"
"pdam_00008338",22,"4h_only"
"pdam_00013412",22,"4h_only"
"pdam_00013420",21,"4h_only"
"pdam_00018645",21,"4h_only"
"pdam_00011616",21,"4h_only"
"pdam_00024230",22,"4h_only"
"pdam_00015960",21,"4h_only"
"pdam_00015967",21,"4h_only"
"pdam_00019501",21,"4h_only"
"pdam_00003704",15,"4h_only"
"pdam_00003681",15,"4h_only"
"pdam_00017275",22,"4h_only"
"pdam_00024503",21,"4h_only"
"pdam_00015403",21,"4h_only"
"pdam_00015149",21,"4h_only"
"pdam_00024388",22,"4h_only"
"pdam_00017201",21,"4h_only"
"pdam_00004615",22,"4h_only"
"pdam_00007763",22,"4h_only"
"pdam_00000413",22,"4h_only"
"pdam_00022448",22,"4h_only"
"pdam_00025503",22,"4h_only"
"pdam_00012091",21,"4h_only"
"pdam_00018669",22,"4h_only"
"pdam_00014171",21,"4h_only"
"pdam_00010012",22,"4h_only"
"pdam_00013882",22,"4h_only"
"pdam_00008373",21,"4h_only"
"pdam_00001557",21,"4h_only"
"pdam_00021437",22,"4h_only"
"pdam_00023141",21,"4h_only"
"pdam_00007493",22,"4h_only"
"pdam_00010693",21,"4h_only"
"pdam_00010655",21,"4h_only"
"pdam_00016288",22,"4h_only"
"pdam_00017587",22,"4h_only"
"pdam_00008004",22,"4h_only"
"pdam_00007999",21,"4h_only"
"pdam_00020449",21,"4h_only"
"pdam_00003642",22,"4h_only"
"pdam_00023485",21,"4h_only"
"pdam_00002139",21,"4h_only"
"pdam_00002213",22,"4h_only"
"pdam_00002162",21,"4h_only"
"pdam_00018614",22,"4h_only"
"pdam_00000679",22,"4h_only"
"pdam_00000555",22,"4h_only"
"pdam_00014474",22,"4h_only"
"pdam_00019388",22,"4h_only"
"pdam_00019379",22,"4h_only"
"pdam_00021336",22,"4h_only"
"pdam_00005490",22,"4h_only"
"pdam_00020588",22,"4h_only"
"pdam_00005348",22,"4h_only"
"pdam_00010105",21,"4h_only"
"pdam_00012869",21,"4h_only"
"pdam_00019648",22,"4h_only"
"pdam_00024777",22,"4h_only"
"pdam_00015161",22,"4h_only"
"pdam_00024803",22,"4h_only"
"pdam_00022018",21,"4h_only"
"pdam_00014715",21,"4h_only"
"pdam_00015495",22,"4h_only"
"pdam_00013325",21,"4h_only"
"pdam_00020215",22,"4h_only"
"pdam_00013711",21,"4h_only"
"pdam_00020442",22,"4h_only"
"pdam_00006592",15,"4h_only"
"pdam_00022123",22,"4h_only"
"pdam_00019281",15,"4h_only"
"pdam_00014018",21,"4h_only"
"pdam_00011451",22,"4h_only"
"pdam_00023653",21,"4h_only"
"pdam_00013943",22,"4h_only"
"pdam_00006347",22,"4h_only"
"pdam_00022847",21,"4h_only"
"pdam_00021997",21,"4h_only"
"pdam_00009534",21,"4h_only"
"pdam_00009550",21,"4h_only"
"pdam_00008912",22,"4h_only"
"pdam_00008828",22,"4h_only"
"pdam_00008853",21,"4h_only"
"pdam_00008721",21,"4h_only"
"pdam_00008304",22,"4h_only"
"pdam_00022298",22,"4h_only"
"pdam_00013106",22,"4h_only"
"pdam_00022054",22,"4h_only"
"pdam_00002262",22,"4h_only"
"pdam_00002219",21,"4h_only"
"pdam_00014288",21,"4h_only"
"pdam_00010518",22,"4h_only"
"pdam_00010542",22,"4h_only"
"pdam_00004859",22,"4h_only"
"pdam_00016598",21,"4h_only"
"pdam_00013344",22,"4h_only"
"pdam_00019683",21,"4h_only"
"pdam_00024958",22,"4h_only"
"pdam_00001390",22,"4h_only"
"pdam_00001412",22,"4h_only"
"pdam_00001456",22,"4h_only"
"pdam_00011764",21,"4h_only"
"pdam_00009344",22,"4h_only"
"pdam_00009321",22,"4h_only"
"pdam_00006440",22,"4h_only"
"pdam_00002594",21,"4h_only"
"pdam_00002651",22,"4h_only"
"pdam_00002653",22,"4h_only"
"pdam_00012938",22,"4h_only"
"pdam_00003082",21,"4h_only"
"pdam_00003122",21,"4h_only"
"pdam_00005719",22,"4h_only"
"pdam_00025815",22,"4h_only"
"pdam_00020885",22,"4h_only"
"pdam_00006271",22,"4h_only"
"pdam_00012218",21,"4h_only"
"pdam_00013531",21,"4h_only"
"pdam_00013529",21,"4h_only"
"pdam_00021033",22,"4h_only"
"pdam_00003040",22,"4h_only"
"pdam_00008603",21,"4h_only"
"pdam_00024495",21,"4h_only"
"pdam_00021552",22,"4h_only"
"pdam_00015929",21,"4h_only"
"pdam_00021503",21,"4h_only"
"pdam_00021709",22,"4h_only"
"pdam_00000926",22,"4h_only"
"pdam_00000980",22,"4h_only"
"pdam_00010825",15,"4h_only"
"pdam_00005117",21,"4h_only"
"pdam_00005129",21,"4h_only"
"pdam_00018250",22,"4h_only"
"pdam_00011995",21,"4h_only"
"pdam_00010615",21,"4h_only"
"pdam_00007314",22,"4h_only"
"pdam_00005882",21,"4h_only"
"pdam_00005912",22,"4h_only"
"pdam_00012811",21,"4h_only"
"pdam_00002572",22,"4h_only"
"pdam_00002567",21,"4h_only"
"pdam_00004340",22,"4h_only"
"pdam_00017780",21,"4h_only"
"pdam_00017759",22,"4h_only"
"pdam_00020926",21,"4h_only"
"pdam_00015385",22,"4h_only"
"pdam_00006697",22,"4h_only"
"pdam_00007817",21,"4h_only"
"pdam_00015426",21,"4h_only"
"pdam_00019824",22,"4h_only"
"pdam_00019448",21,"4h_only"
"pdam_00007016",21,"4h_only"
"pdam_00007012",21,"4h_only"
"pdam_00020962",21,"4h_only"
"pdam_00009485",22,"4h_only"
"pdam_00009451",21,"4h_only"
"pdam_00002400",21,"4h_only"
"pdam_00002431",22,"4h_only"
"pdam_00018106",21,"4h_only"
"pdam_00012451",21,"4h_only"
"pdam_00012452",21,"4h_only"
"pdam_00009230",22,"4h_only"
"pdam_00004509",22,"4h_only"
"pdam_00004554",22,"4h_only"
"pdam_00025269",22,"4h_only"
"pdam_00001156",22,"4h_only"
"pdam_00001159",21,"4h_only"
"pdam_00022718",21,"4h_only"
"pdam_00002699",21,"4h_only"
"pdam_00002738",22,"4h_only"
"pdam_00002786",15,"4h_only"
"pdam_00010273",21,"4h_only"
"pdam_00017611",22,"4h_only"
"pdam_00013674",22,"4h_only"
"pdam_00021666",22,"4h_only"
"pdam_00007971",21,"4h_only"
"pdam_00018404",22,"4h_only"
"pdam_00001657",21,"4h_only"
"pdam_00001678",21,"4h_only"
"pdam_00001687",22,"4h_only"
"pdam_00024941",22,"4h_only"
"pdam_00018033",21,"4h_only"
"pdam_00004654",21,"4h_only"
"pdam_00004637",22,"4h_only"
"pdam_00009789",22,"4h_only"
"pdam_00015066",21,"4h_only"
"pdam_00024639",22,"4h_only"
"pdam_00001191",21,"4h_only"
"pdam_00001322",22,"4h_only"
"pdam_00009093",22,"4h_only"
"pdam_00014186",21,"4h_only"
"pdam_00023979",22,"4h_only"
"pdam_00015712",22,"4h_only"
"pdam_00015691",22,"4h_only"
"pdam_00005839",21,"4h_only"
"pdam_00005850",21,"4h_only"
"pdam_00020423",21,"4h_only"
"pdam_00023798",22,"4h_only"
"pdam_00023803",21,"4h_only"
"pdam_00016177",22,"4h_only"
"pdam_00021519",22,"4h_only"
"pdam_00020697",21,"4h_only"
"pdam_00008510",21,"4h_only"
"pdam_00008513",21,"4h_only"
"pdam_00022908",22,"4h_only"
"pdam_00011237",21,"4h_only"
"pdam_00023828",15,"4h_only"
"pdam_00012551",22,"4h_only"
"pdam_00018508",22,"4h_only"
"pdam_00019180",22,"4h_only"
"pdam_00006144",22,"4h_only"
"pdam_00022159",22,"4h_only"
"pdam_00022158",22,"4h_only"
"pdam_00019081",21,"4h_only"
"pdam_00023068",21,"4h_only"
"pdam_00014540",22,"4h_only"
"pdam_00014535",22,"4h_only"
"pdam_00016844",21,"4h_only"
"pdam_00002022",21,"4h_only"
"pdam_00023840",22,"4h_only"
"pdam_00014459",15,"4h_only"
"pdam_00017747",22,"4h_only"
"pdam_00009723",21,"4h_only"
"pdam_00009414",21,"4h_only"
"pdam_00026011",22,"4h_only"
"pdam_00009936",21,"4h_only"
"pdam_00009938",21,"4h_only"
"pdam_00001777",22,"4h_only"
"pdam_00001867",22,"4h_only"
"pdam_00006844",22,"4h_only"
"pdam_00002841",22,"4h_only"
